{
    "main_interface.png": [
        80.46875, 
        2.9166666666666665, 
        97.65625, 
        7.638888888888889
    ],
    "start_menu_icon.png": [
        2.8125,
        87.22222222222223,
        7.000000000000001,
        90.0
    ],
    "start_name.png": [
        38.75,
        32.22222222222222,
        58.75,
        40.55555555555556
    ],
    "story_menu.png": [
        90.625,
        3.888888888888889,
        97.1875,
        7.777777777777778
    ],
    "battle_finish.png": [
        86.875,
        88.88888888888889,
        95.4375,
        95.55555555555556
    ],
    "no_mail.png": [
        55.375,
        42.888888888888886,
        65.0,
        61.111111111111114
    ],
    "recurit_confirm.png": [
        43.75,
        84.44444444444444,
        56.25,
        90.55555555555556
    ],
    "recurit_page.png": [
        50.31250000000001,
        67.22222222222223,
        69.375,
        77.77777777777779
    ],
    "main_recurit.png": [
        68.125,
        91.88888888888889,
        73.75,
        96.66666666666667
    ],
    "auto.png":[
        91.14583333333334,
        91.38888888888889,
        97.60416666666667,
        96.29629629629629
    ],
    "recruit_again.png":[
        52.5, 
        83.98148148148148,
        68.17708333333333, 
        91.75925925925925
    ],
    "lk_tip.png": [
        21.875, 
        6.25, 
        42.1875, 
        24.305555555555554
    ],
    "student_1.png": [
        74.21875, 
        80.55555555555556, 
        80.46875, 
        92.36111111111111
    ],
    "student_2.png": [
        66.40625, 
        80.55555555555556, 
        71.875, 
        92.36111111111111
    ],
    "level1.png": [
        53.125, 
        27.77777777777778, 
        78.125, 
        38.88888888888889
    ],
    "begin_mission.png": [
        85.9375, 
        88.88888888888889, 
        97.65625, 
        96.52777777777779
    ],
    "end_phase.png": [
        85.9375, 
        89.58333333333334, 
        96.875, 95.83333333333334
    ],
    "go_to_lobby.png": [
        32.8125, 
        87.5, 
        46.875, 
        95.83333333333334
    ],
    "main_interface_dark.png": [80.46875, 2.9166666666666665, 97.65625, 7.638888888888889],
    "momotalk.png": [8.59375, 22.22222222222222, 17.1875, 26.805555555555554]
}