{
    "main_momotalk.png": [
        10.0,
        18.88888888888889,
        16.5625,
        26.111111111111114
    ],
    "start_menu_icon.png": [
        2.8125,
        87.22222222222223,
        7.000000000000001,
        90.0
    ],
    "start_name.png": [
        38.75,
        32.22222222222222,
        58.75,
        40.55555555555556
    ],
    "story_menu.png": [
        90.625,
        3.888888888888889,
        97.1875,
        7.777777777777778
    ],
    "battle_finish.png": [
        86.875,
        88.88888888888889,
        95.4375,
        95.55555555555556
    ],
    "no_mail.png": [
        55.375,
        42.888888888888886,
        65.0,
        61.111111111111114
    ],
    "recurit_confirm.png": [
        43.75,
        84.44444444444444,
        56.25,
        90.55555555555556
    ],
    "recurit_page.png": [
        50.31250000000001,
        67.22222222222223,
        69.375,
        77.77777777777779
    ],
    "main_recurit.png": [
        68.125,
        91.88888888888889,
        73.75,
        96.66666666666667
    ],
    "auto.png":[
        91.14583333333334,
        91.38888888888889,
        97.60416666666667,
        96.29629629629629
    ],
    "recruit_again.png":[
        52.5, 
        83.98148148148148,
        68.17708333333333, 
        91.75925925925925
    ]
}